-0.005066859,0.47822842,-0.50334287,-0.43710417,0.68870705,0.64079714
-1.533717,1.1340871,0.8441524,-0.38197812,-0.0881057,-0.19161831
2.665648,-0.14701176,0.8732194,-0.37211248,-1.4059291,2.1136467
-0.45293707,-1.0614421,-0.502111,-0.37883493,-1.0603331,-0.48455745
1.5588341,-0.60948336,-0.89983916,-1.2848514,-0.49304104,-0.07404717
0.6094064,1.3750625,0.17400528,0.37469754,1.5990701,-0.35754195
-1.456954,0.123861946,0.95369524,1.3949994,1.2749515,0.16195855
-0.8785462,-1.3018612,1.0971365,1.0698035,0.114491135,-1.6546756
-0.94553727,-0.37258217,-0.19628218,-0.7099189,1.4313853,-0.41436926
0.30860186,0.4106489,1.9369813,0.41849643,-0.24832362,1.5521913
-0.11238717,-1.1370144,1.3104706,-0.2724196,-0.26252592,-0.9545203
1.8982216,0.7721249,0.48250434,-1.3514919,1.9053957,0.61047727
-0.6012998,-0.36507386,1.4709312,-0.25459486,-1.4540595,-1.8964626
-1.1827084,0.52327275,0.19406992,-0.21890496,-2.2471738,1.1531023
0.9622657,1.487327,1.2489632,-0.06716817,-1.0549386,-0.4438446
0.48077968,1.9633977,0.11917992,0.18062091,-0.0569609,-0.8864755
-1.5104303,0.65908194,0.9659504,0.47758487,0.037386946,0.19612466
-0.5707339,-0.37461966,0.47698537,-1.7572578,1.2901138,0.19555278
-1.8736118,0.006354257,1.8122497,-1.2795317,-1.2479286,-0.3534481
-0.22644219,2.587338,0.23106004,0.6062204,0.00075902324,-0.56779075
1.3291432,0.11922407,0.60129106,0.41670188,-0.24839969,-0.03635152
0.26185337,1.3951161,-0.9795957,-1.1950214,0.31812108,2.0081367
1.3880057,-0.15675874,1.0941315,0.16528326,-0.9120511,-1.5983034
-0.040775917,0.5561862,-0.14963192,0.28786647,-0.50836515,-0.2937771
3.1559534,-0.7072794,0.17585737,-0.061231554,0.42407688,-0.73258895
0.9475304,-0.6312456,-0.4321959,-1.5944813,0.5631393,-0.24129681
-0.5466404,0.19692585,1.8153327,-1.0941436,-0.9382213,1.0995185
0.8569879,1.1408376,0.111312434,-1.0804845,-0.33198315,1.119621
-0.32837716,-0.2235108,1.2506108,-0.8788359,0.24466984,0.23544051
-0.63939255,-0.73422545,2.1903875,1.7289654,0.79317385,-0.7222746
-1.9819647,-0.47058323,-0.16464706,-1.7079508,-0.11963258,-0.2222444
-0.6786279,1.1590272,-1.4417559,-0.8522793,0.19027522,-1.2224001
0.091509625,-0.19976029,1.1926849,-0.6248593,0.49907476,1.376422
-0.5322313,1.7003947,-1.4263899,0.49344707,0.6489497,2.8375826
-0.91016704,1.2490128,0.28688756,-0.18777025,-1.2153292,1.0214683
-0.8110677,0.7246584,-1.4374555,0.5732264,-0.66250026,0.96869934
2.382641,0.38460034,0.14388889,0.019337304,-0.25184026,0.8014972
1.3764108,1.3066258,-0.9980783,0.5607474,-0.3915122,-0.17079711
0.5232793,0.51406276,-0.5957793,-0.0071688774,0.7301997,-2.2054594
1.2976058,0.9399272,-0.119016655,-0.51665056,0.52271706,0.4597026
1.6990342,-0.76238436,0.19249953,-1.1292593,0.22872461,-1.7147999
-0.095092654,0.66810244,-2.2668731,-0.26357937,-0.39278,-0.9118504
-0.1279102,1.7938149,-0.20312572,-0.8427892,0.8305076,-0.9161913
0.12470138,0.6354475,0.4883688,0.97961813,-0.5985903,-0.44784114
0.3534826,-0.10192162,-0.21499698,0.9483766,0.31776094,-0.03701788
-1.4439498,2.2882638,0.80093944,-0.58728236,-0.5456452,-1.5165341
0.807957,-2.1003568,1.1632862,-0.48130783,-0.16197012,0.14039174
-0.5994735,1.5188606,0.17655508,1.4665381,-0.5017882,-0.59470487
1.318876,0.48633364,-0.44196376,0.974215,0.49029937,1.1395231
1.0546534,0.15707631,-0.42199904,-1.0708877,-1.9845468,0.9749925
0.10188248,-0.30840468,-2.1426523,-0.58223933,0.37222227,1.622286
-1.1197295,-1.525881,0.39281914,-0.744283,-0.6005463,0.65432477
1.1617745,-0.5739119,-1.4087156,2.1235309,-1.0845011,-1.590454
0.8141308,-0.38706475,0.39505017,-0.5129119,-0.626081,-0.22325702
2.6626153,0.13796559,-0.99670976,-0.92277277,1.6541228,0.4538534
0.20196427,0.23822066,-1.0562826,-0.8199241,2.104622,-0.78210133
0.80088913,-0.44087976,0.92148626,-1.2908255,1.4580616,-0.32155168
1.229949,0.6802145,1.6453333,1.5374827,0.48941657,-0.39906684
-1.3684016,0.7257749,-0.21739665,2.1733842,1.212847,1.2674811
-0.22088963,-0.38460597,0.29398558,0.7882471,0.78995824,-2.5354152
-0.5487378,-1.441569,-2.9118774,-0.13566099,0.32606718,-0.9289517
0.09534503,0.49300987,0.11909692,-0.58051234,0.31139895,1.4460199
-1.1772596,0.83815014,0.086078405,-0.89723957,0.7176028,0.16501355
-2.2865908,0.89860755,0.6932211,-0.5470142,0.90386665,-0.16763565
0.1943109,-0.9482039,0.62835115,0.050606348,-0.32930714,-0.7040669
-1.2044109,1.0322983,0.19495134,0.42150292,-0.28859156,-1.9465996
0.83090633,1.6898477,0.36240658,-0.9024121,0.219738,1.3874744
1.2214582,0.34750056,0.18458752,1.3543359,1.2685983,-2.0501156
0.7122169,-1.8755888,-0.32955116,-0.97150266,0.64266396,1.5257194
-0.1194331,-2.494486,1.9353583,0.7574424,-1.1353226,-0.839901
-0.14816958,-0.85953784,-1.8127229,0.5416736,0.30029234,1.8192093
-0.28737313,-0.05501901,-0.22450097,0.744213,-0.0036167023,-0.23362426
1.2820282,-0.2003357,0.7605205,1.2687624,1.7807202,1.1125506
0.24319589,-0.9739943,1.9101988,1.5654951,2.3111832,-1.2205375
0.6631802,0.72165185,1.4969162,2.0305235,0.1399454,-0.9340761
-0.9974236,-0.36383075,0.30493176,0.6732155,0.6292004,0.16193776
-1.5928733,0.33756137,0.5376266,-0.4417752,-0.84333193,1.6274992
-0.69674915,0.4068222,-1.1984091,0.08945123,0.9228237,-0.9332118
-1.0802274,0.61441046,-0.34897363,-1.0616521,0.03201963,-0.6619045
0.28922284,-0.26385453,-1.992462,2.0588706,1.006323,-0.09024461
1.0287288,-1.0402712,-1.1836201,1.5927787,-0.47146803,0.71863425
1.8977109,0.611954,0.13789402,1.2897928,-3.2713518,-0.54154915
1.2487742,-0.079586565,-2.2299583,0.68203974,-0.23137274,0.077512056
0.44761115,0.14039819,0.7743769,-1.3363664,0.66474843,-1.3217995
-0.20551386,1.2665311,-1.120327,-0.2876307,0.30254558,-2.4547617
-0.8444474,1.8338825,-0.19683273,-0.714395,0.912581,0.20415242
-0.89143944,-1.8192978,-0.84888804,1.9530367,-0.7575346,-0.81767154
-1.5451318,-0.7602454,1.5970473,0.403737,0.65614676,-0.67625004
0.017269127,-1.0180572,1.4649849,0.70776886,-0.31435162,0.64568996
0.34440967,0.005571443,-1.2330129,1.0189925,-2.9494987,0.4306405
0.13462228,-0.5577851,0.11511976,0.63006455,-0.38906777,-1.0248194
-0.03729712,-1.19683,0.6162596,-1.3971491,1.151136,-0.5997941
-0.5138625,0.02403916,0.51036537,1.4748092,1.6976613,-0.13478704
0.33104193,0.7901642,1.032146,0.72523344,-0.6792282,-0.99138314
0.42109403,0.9234326,-0.78236353,1.8358946,0.6529452,0.28050563
-0.089942455,0.29424882,1.6637076,-0.61305404,-0.24813326,-0.54911935
0.039049372,1.6861725,-1.4276371,-0.056113727,-0.86915034,0.68917686
0.22561906,-0.73773146,-0.47210884,-0.18310127,0.96459275,-1.3515923
-0.60141414,0.15125674,-0.4015591,-0.46024212,-0.34008712,-0.38698927
1.4145944,0.024394156,-1.6627998,0.19189766,0.14559393,-0.5960077
0.7593098,-0.6028548,-0.2533867,-0.90960133,0.21200205,0.16145577
-2.5888999,1.5522534,-0.88864374,-0.2670683,0.9618828,1.0806057
-1.7372819,-0.6023465,2.3316002,-0.08666543,-0.2719654,-0.042920068
-0.29724625,2.196678,-1.3604896,1.1075815,-0.7812514,-0.6474166
0.65218246,0.060577076,-0.54833746,-0.19956878,1.0696508,-0.4208467
0.29212052,-1.4451852,-0.3689253,1.6910785,0.9792017,0.30928814
0.5460369,0.88447154,-0.6649102,0.8839917,-0.47686103,0.95619434
0.87796193,-0.42247415,-1.209078,1.0793557,0.06496501,0.53042555
-0.31750625,-0.014625993,-0.37035617,-0.75839293,-0.1475463,0.3840443
-0.9441407,0.1790287,0.8664891,-1.1566236,-0.15486209,0.6740463
0.29967713,1.1924583,-1.2559133,0.042616863,0.38363445,-1.2048608
0.30863404,0.042568546,0.6281028,0.73406047,1.4987255,0.07888955
1.1850597,-1.6906974,1.1643288,1.2222743,-2.0003417,-0.19591817
0.034609493,1.0269657,1.9049332,0.36368212,0.49332964,-0.8717354
-0.72718084,0.22818482,-1.1149569,-0.10688666,-1.225547,0.34647587
0.755631,-0.6805518,-1.0113082,-1.0044689,1.419585,-0.2211766
0.5504082,-0.7774022,-1.4379272,-1.2885962,1.4766008,-0.20321046
1.245567,-0.3184633,1.7212346,-0.72860414,0.16486572,-0.599435
-0.9843567,-1.9929686,1.8310165,1.0338418,0.21080017,0.9720218
0.56533635,0.59104455,-0.44040766,0.18584698,0.85275084,0.6492254
0.11094259,-0.16531774,-0.24431491,-0.06506235,-0.08425579,1.9091754
0.8824997,-0.47387427,-2.0455124,0.422385,-0.5265641,-1.2161599
-0.70631254,-0.33147368,1.4263308,1.9049735,-2.3946574,0.20287046
-1.6459668,-0.117363065,1.3330156,0.23924047,0.03834104,0.18982969
-0.68124187,1.037417,-0.5022264,1.341204,1.9984041,0.045795765
-2.0758,1.1402748,-1.2615888,0.737949,-0.008566807,-0.053825006
-0.057837907,-2.3610299,0.7873722,1.401795,-3.3728373,-0.08687205
1.0514077,2.1434395,0.45155108,-0.03810825,0.4473782,0.77800256
-0.5136522,1.1946898,-0.827487,-0.17094073,0.1760034,-1.8520113
-1.6233399,-0.6685281,-1.094488,-0.36396122,-2.640869,-1.3067555
0.20694464,0.6294488,-0.5392703,0.030674757,-0.49032673,1.3058931
0.51111674,0.11670455,1.7231532,-0.054373395,-0.5632472,1.3690889
-0.52421284,-0.5265926,0.6843782,0.009025614,0.47580695,1.3505709
-1.5306664,1.4928492,2.4277813,0.43744633,1.6520165,2.180651
0.33205584,0.90003216,0.3963716,0.5451714,-0.5813344,0.018509693
-0.64793473,-1.1314889,0.29835528,-0.1189705,-0.1939405,0.36674422
-0.56074196,2.2137425,0.09277758,1.2951329,0.78972554,-0.9699944
1.0752019,-0.35682368,-0.4923387,-0.47044522,0.5524027,1.3867825
-1.7894716,-0.4588628,-0.22165473,-0.4111064,-1.0913365,0.68398666
-0.3832057,0.10297258,-0.16847579,-1.7299502,0.6207662,-0.63953215
-0.95502263,-1.0724348,-2.0648026,0.16508059,0.28944683,-0.562073
-0.4230777,-0.032796536,1.9269252,1.0206143,0.08410793,1.0743034
-0.14190897,0.023453247,0.040736023,-1.4222864,-0.53961223,0.2936714
-0.7512072,-1.4879053,0.6408721,-0.7651905,-0.77969825,-1.9926983
-2.0066755,-0.0134982485,-1.6239747,2.4904368,0.23010467,0.7146721
-1.4586579,0.24259168,-1.1857272,2.3894117,1.1305096,-0.60131055
1.407471,-1.166197,0.53605676,-0.70698845,-1.9088902,-1.6495993
0.51823986,-2.3700135,-1.6905552,-0.44025865,0.7772074,0.44624993
-2.379366,0.1991331,0.52056795,0.6199461,0.21807386,-2.2461574
-0.7723008,0.17013335,1.6445068,0.16198012,-2.2322931,-0.123409994
-0.11531614,1.381549,0.6372849,0.2762103,0.2586253,0.6301347
-0.6330256,-0.5470418,-0.7528146,0.76111186,1.5749292,0.055785436
-1.4185477,-0.5466648,-0.3701285,-0.9196195,0.113132596,-0.72077465
-0.29129916,0.30705583,1.1011355,-2.0670583,-0.42613593,-1.5459206
0.6770027,1.4921762,-0.022135235,-0.9667514,1.3915637,1.0831308
-0.56001633,0.26326978,0.77459687,-0.1642117,-0.67969596,-0.44620442
-0.71424043,-1.051362,-0.8358488,-0.41796723,1.011588,0.9575328
-1.6320308,1.5613,-0.33773485,-1.0504456,-1.5095747,-0.44966993
-0.050881274,0.7157208,-1.2393525,1.1724336,-0.6999553,-0.73517334
-0.329199,-0.4883514,0.25669464,0.72808576,0.6892712,1.9381262
-1.2373567,-0.13770455,0.106720984,1.5633805,1.9598658,-0.9105167
1.3965261,0.796198,0.06269209,0.9027933,0.36528742,-2.3243449
1.598173,-0.16026333,-0.87742865,0.63236105,-0.4798104,-0.10310306
0.19517115,0.68921113,0.4403874,0.24113674,0.3974224,0.09013237
0.33484244,0.8461947,-0.70724434,0.854716,-0.061554957,-0.78951645
0.11538496,-0.54346555,1.1659752,-2.6171622,-1.1686594,-1.2247919
0.22965425,-0.015451842,-0.84446,0.2981773,0.04547953,0.7426624
0.8493988,1.6462854,0.20529653,-0.5668741,0.15996057,-1.4990079
0.58588004,0.5545919,-1.5166247,1.3031422,0.3667465,0.22756788
1.7277721,1.4225185,-0.12060051,-1.9402648,-1.3709257,-1.663973
-1.0811546,0.28228563,-0.33516723,0.9788881,-2.581101,-0.7867991
-0.40376127,-1.0470053,-0.44722953,0.8824253,-0.4121955,-0.54072875
-0.6161279,0.85601366,1.341274,0.7504292,0.71998155,-0.08286262
0.9001152,-1.0957279,-0.05875798,1.1278797,0.19386217,-0.08147342
0.23841305,-0.5553571,0.8684865,-0.3030131,-1.7038392,-0.34224862
-0.74278927,1.1491321,-0.6861112,-0.946784,0.6981124,-0.025372416
-1.0259994,-0.81768125,1.032095,0.10517167,1.002086,1.7454007
-0.17942533,0.8599086,-2.5851376,-0.8530737,0.39470765,1.3034523
-1.4705583,-0.34229496,0.018531928,-1.0206847,0.25146365,-2.311509
-0.88850266,-1.5977345,0.71851355,0.07645118,0.29608077,0.61612314
-3.4649575,0.2012921,-0.015442324,-1.9179112,0.2766986,-0.64159936
-0.58649683,-0.78191763,-0.9035171,-0.8514922,-0.53899217,-0.25582156
-0.19227232,0.23665886,0.85419536,-0.15586026,1.458705,-0.67202556
-1.2241918,0.71877706,0.41691995,0.23013978,-0.8893379,0.00034256483
-1.5733368,0.34750563,-0.369259,0.9683561,1.36524,1.1689062
-0.4376958,-0.09904258,0.7000654,0.09406571,0.14982055,-0.053745147
1.0563276,0.8604676,-0.55481786,-0.26261014,-0.9123451,0.2017933
-2.7985775,-0.025595728,1.026495,-0.7343854,1.0822086,-1.6122831
1.4644212,0.6286316,-1.3601987,1.5339421,-0.39603242,-0.18159391
0.33665147,-0.3350123,0.14490858,-0.5461842,1.4147731,-1.0033064
1.5122842,-0.047980316,0.41648418,-0.5516899,-0.80833,2.2200615
-0.6192287,-0.9635216,-1.6087663,0.70198053,1.0483441,0.6175721
-1.2277555,-0.9474747,0.5548873,-0.13349064,0.9289399,0.42728242
1.2156942,0.49969158,0.83241946,-1.1208214,0.2464541,-1.0156332
-0.39454415,0.41127297,0.629707,0.042641584,0.78698474,-1.1720837
0.18019721,0.6868455,-1.1719806,-1.074527,1.0246953,-0.76254493
1.600551,-0.95189375,1.09083,0.41767493,0.78908336,0.7999183
0.017304419,0.38880205,0.058991715,0.5681454,0.096279636,-0.15476698
-0.9635443,0.06778504,1.0695357,1.1843755,-0.13168001,-2.597597
-0.35027418,0.17296419,-2.061378,1.2390991,-0.69822025,-2.103656
-1.5128124,1.5814269,0.38608736,-0.322914,-0.4822974,0.23424105
0.20104054,-0.08159106,0.6881901,-1.394804,-0.78627145,1.4816982
-1.0651593,-0.21580638,1.0182287,-0.45726946,0.089371994,0.14687653
-1.5030378,0.6841014,0.3726953,0.020594962,0.7885679,-0.25255352
0.59062016,-0.31531727,0.8365141,0.31468552,-1.6558446,-0.44659856
2.603167,1.6025156,-0.08749218,-1.5502236,0.5273327,1.2465888
0.2514601,-1.8705456,-0.39510515,0.49253964,0.14191389,-0.9650586
-2.1803508,-1.2236184,0.69550145,-0.60380894,0.25176263,1.4305924
0.5205306,0.14325617,0.254725,-0.88182425,0.3035365,-1.3605124
-1.2571304,1.3846502,-0.07954198,0.07332254,0.12822808,-1.6846664
-0.7311139,0.57483464,-0.18187068,1.4405721,-0.4404615,0.10152539
-0.6242145,-0.6249163,1.168588,-0.8451383,1.9898046,-0.34402856
-0.842852,-0.91885775,0.53093165,1.6929281,-0.9405537,1.1857178
0.82818633,0.5273301,0.4380231,0.6497269,0.6040141,-0.9225905
2.2187748,0.61445546,0.05620207,-0.39588952,-1.6884707,-0.14017752
1.3108518,-0.88440657,-1.0506004,1.38861,1.7585526,0.04072782
0.9304126,-1.4096638,-0.3985162,-0.340872,2.7901971,-2.0304384
2.0250318,-0.1409071,0.54832155,0.33435765,0.7713509,1.376365
-0.40594968,-0.6395579,0.38385597,0.29530367,0.9292857,0.30582148
0.27104574,0.70430106,-1.3355144,1.0884117,-0.22494148,-0.7717975
-2.6364374,-1.8731995,-1.0612816,-1.3328224,-0.3586583,-0.39617032
0.9175604,-0.41467294,-0.8697159,-0.8844246,-0.95363086,0.028668614
-1.5613862,0.67676574,-0.19576058,-0.7885271,0.14664553,-1.1265043
0.05782889,-1.4532021,0.4595544,1.325972,0.5149327,-0.61329323
0.21258989,-1.7422677,-1.3422685,0.006604127,-0.23357654,-0.85816944
-1.966137,0.25795946,-0.24025422,-1.3117945,0.65665865,-0.49325132
2.0128999,1.0422616,0.09750466,-0.082445666,0.29555568,-0.22155477
-0.50261647,-0.4415376,-0.38435915,-0.85153335,0.38697687,0.20675732
-1.277856,-0.19416727,-0.90940636,0.9561633,0.7773293,0.9120581
-1.5360743,-0.16259909,0.9565639,0.72815484,1.5715913,-0.8214115
1.527004,0.51999646,-0.30908135,0.9339121,0.5075069,0.56362486
-0.08624687,-0.51417446,1.2517651,-1.4344051,0.5988821,-0.6536326
0.6124316,-1.6103227,-2.7601075,0.21392098,-0.4677037,-1.3366764
-0.57034606,-1.1115246,-0.70109457,0.1548636,-0.6784948,1.144997
-0.0646528,-0.7218982,-0.18812256,0.30467358,1.0551816,1.8406622
-0.19971475,0.7361098,-0.5926922,-2.001833,1.4338481,-0.9824086
1.147216,1.4503176,-1.5849949,-0.8233915,-1.4494133,-0.39727533
-0.8769921,-1.1864095,1.9576871,-1.4964962,0.10345601,-0.16075705
-1.1114168,0.0043875407,0.27182975,0.9580564,0.33152947,0.00053077645
2.100328,-1.2032983,1.2340176,0.09560416,-1.8964111,-0.13529736
-1.7642555,0.3320976,0.6178521,0.06482172,-0.59177005,0.82252747
0.39208063,-0.33480957,-0.3006133,-0.71997494,0.11253668,-0.9472354
-0.73464215,-0.946364,-1.7179224,-2.2064595,0.4837226,0.19235307
-0.79134053,-0.27387238,0.6809602,0.008508605,0.33022967,-0.37984955
0.33997875,-0.9535851,2.1979496,0.08018241,-0.8153204,0.25308362
0.5053347,2.9458396,-1.5563512,0.7057928,0.37115672,0.01516124
1.7586826,0.76935977,1.104111,-1.2034007,-2.1317155,1.2048763
1.4784588,-0.23160559,-0.6478644,0.5220386,-1.8372028,0.72597075
1.3779742,0.5416677,-0.2831296,-0.81715655,-0.48326844,0.45757312
0.7301181,-0.77345014,2.0329614,-1.731688,-1.6572586,-0.060691256
-0.53187567,1.4077629,-0.33957738,-0.77786577,-0.7532496,0.05942084
0.49640572,-0.5849251,-0.7740552,-0.43688002,-0.70299053,1.1645085
-1.435887,-0.12660661,1.3917782,0.38131973,-0.21852967,-0.033397213
1.470351,0.4596405,-1.6047341,0.90888584,0.3633667,0.5741665
0.4042023,-0.36279044,-0.81608355,0.0029160888,0.89066267,-0.59496826
0.97447574,0.3122293,-1.799897,0.5168498,0.0020238445,0.9770034
0.970166,-0.023578174,0.22705579,0.15822738,0.5025659,1.5759155
-1.7143337,-0.3537737,0.33472073,-0.89005566,0.41174692,0.8622025
0.65153104,0.6522713,-0.13625047,-0.4092403,-1.522188,-0.84638673
-0.5522867,-0.1856015,-0.43585622,-0.46752095,-1.2186241,-0.6154883
-0.95692605,-0.47055474,0.4519568,-1.1147264,-0.8881241,-0.49150854
-1.307938,-0.4860982,-0.38616303,0.17295828,-0.8789566,0.9709421
-1.3090364,0.095945135,1.0971829,-1.2597612,0.6034567,-1.376988
0.46336982,0.49752834,1.0807387,1.296686,-1.2180564,-0.15800452
-0.02949812,0.28139323,0.7443664,0.9221081,-1.1015536,-0.40799096
-0.024414364,1.2179086,1.4158453,-0.21462499,-2.2199225,1.1928436
-1.871212,3.2086096,0.7265866,-0.6146658,-1.2379259,0.21264674
-0.770785,0.06201481,0.92383367,0.2375616,-0.5708259,-2.7808483
1.3550974,0.9040127,-1.2856945,-0.2996761,-1.3079683,-1.6019844
-1.4866588,1.6472458,-0.85056764,-0.56117237,-0.9025381,0.44719467
1.3486685,-0.3149483,0.41733244,1.7166424,2.2487812,0.35979074
-1.4600425,-1.2904463,0.8046053,0.9495625,-0.5580002,0.5750022
-0.714718,0.8077276,0.8892778,-0.5958435,-1.2583066,0.8340028
0.17981778,-0.6375643,-2.3570206,0.9317434,-0.5515713,1.124322
-0.79287153,0.9843413,1.5487826,-0.73413706,-0.44743094,2.6633923
-0.94530886,-0.16569138,0.36519694,-0.010042804,-1.1798502,-0.5670701
-0.9227565,-0.2501845,0.5080132,-0.14911759,1.1080033,-1.1063637
-0.088152826,-0.91581,-0.9168493,-1.3431721,-0.09927382,-1.283369
-1.0707479,-0.0015330178,0.6727292,-0.41717526,0.8335297,0.74873346
-0.8389828,-0.31334212,0.93269116,1.1313976,-1.4336903,0.24114971
1.0268861,-0.9839182,0.16602139,2.0614593,0.2839561,-0.06996417
0.89516175,1.3073034,0.00056686526,1.2305639,0.6613873,0.33915988
1.5977846,-0.43074495,1.0417712,0.8357478,0.45519567,-1.3575447
-0.3415555,-1.1573946,-0.10735935,-1.2428523,0.1464569,1.1634817
-0.89497226,0.9878615,0.5172926,-1.291347,0.8262572,1.6943538
0.05555242,0.91356,2.2699,1.0509918,0.6623686,0.25632977
0.3989792,0.39950362,-1.3798782,0.04549433,-0.5667082,-0.6287024
-0.08458222,0.37480667,0.1296273,-0.84866035,-1.0253458,-0.3209872
0.02723783,0.46828192,0.1666104,-0.14833702,-1.8303566,-1.0738062
-0.6827638,-2.2788777,1.0468694,-0.0823052,0.98915625,-0.24616368
0.96340847,0.9036883,-0.5212413,-1.0303607,0.6426699,-0.16449757
0.3090072,-0.2605313,-0.4041821,2.1003609,-2.0859702,-2.507278
-0.6323814,-0.584741,1.020946,0.13640659,-0.62041825,-0.34876305
-0.33784616,-0.62268084,-1.8421357,-1.337638,-1.6886188,0.86876315
-1.3109924,0.27304316,-0.53750694,0.25557017,1.4497588,-0.7203712
1.3820668,-0.655452,0.44671214,0.9788561,-0.0462675,0.007744772
-0.932127,-0.7585373,-0.26131272,-0.1053609,-0.52316725,1.173974
-0.2531987,1.2835652,1.1145614,0.5493304,-1.3867991,-0.9794265
0.37048262,2.0435035,0.1847715,0.2787581,0.7023865,1.1960129
-0.26824197,0.037032913,-1.2275143,0.0636527,1.4413654,-0.49567467
-0.8963492,0.1173443,0.028387502,1.1287118,2.1115067,-0.6451709
-1.8397299,-0.14434941,-0.7446404,0.7396735,-0.6485495,0.875436
0.945581,-1.0871458,-2.8189292,-0.39483824,0.5474107,1.0339333
-0.82191217,-0.44388434,1.0100821,-0.27744132,1.7349684,0.91265357
1.4289174,0.3733675,-0.23485287,-1.3268948,2.100646,1.1590964
1.6015406,0.69557977,-0.3195424,1.0663624,1.2264903,0.1889519
-3.572939,0.99309593,1.92506,1.2118337,0.43244892,-0.888021
-0.54780376,0.69020367,-0.443615,0.64530224,0.7502287,0.020595655
-0.4890053,-1.1613646,0.3389392,-0.122865334,-0.044658568,0.32721406
1.3647765,0.10449908,0.40932527,1.0530808,0.61731136,-1.741896
-0.8362325,0.8990663,-0.8405548,0.08136942,-1.4278474,1.32277
0.28250077,0.56433815,0.6246141,0.20165443,1.5979627,1.1496385
-0.1054632,-1.1061511,0.16437207,0.25017333,-3.1131568,0.34604496
-0.11114828,0.46501464,0.05120332,0.9542352,1.5053204,0.32540795
0.9363958,1.1744256,0.6886718,0.9125204,0.094012715,-0.10650229
0.39821,-0.17687845,-0.6129131,0.64335436,-0.25049886,1.2477152
-1.0049576,-1.6781709,-0.26151398,1.0192124,-1.0169163,-0.07211483
0.2467871,-0.4130485,0.7998899,-0.7390461,0.07763076,1.4647164
-1.9246026,-0.21825962,1.2074964,1.0870323,1.3093437,0.13660347
0.53426147,1.224082,-0.46880195,0.0041964613,-1.3388656,1.0106215
-1.3748543,0.06328873,0.60733986,0.29521748,0.57871825,0.16668743
-0.91056544,-1.2371858,0.016694102,0.09678068,1.7447113,0.23084825
-0.9338692,-0.51834613,0.6083725,0.911788,1.3124927,0.54327387
1.0178175,0.7339672,-0.42753038,-1.5952492,0.3925974,0.9490311
1.1133046,-0.45547402,0.7846505,0.55596477,1.3479992,0.834627
-0.18161812,-0.43928567,0.57604337,-0.20293687,0.003254112,-0.5498048
-0.8361315,-1.1697168,1.4354671,0.29838768,-0.75291437,-0.1492263
-0.9297434,1.0561484,-0.96947306,1.5579183,-0.5058823,-0.07334901
-2.4534347,2.999967,-1.4856354,0.3538798,0.85464346,-0.32287097
0.28510123,0.27513385,-0.52281094,-0.44488245,-0.8917501,0.2682871
-2.2191615,0.79240155,-0.96403235,0.24065696,-0.071173355,0.25937158
0.9541486,1.7377548,-0.39549053,-0.7013174,2.2456105,-0.98091567
0.30790943,-1.159543,-1.286317,2.7882988,-0.30511814,-0.042949114
1.5822396,-0.26280677,2.095813,1.0420532,0.23660779,-0.023550736
-0.34545788,-1.2132605,0.87780726,0.28277478,0.61781025,-1.046616
0.7527268,-0.9569862,-0.8367282,-0.8525587,-1.3061291,0.2193342
0.8137676,-0.83151,-0.7019223,-0.33875647,-0.97596836,-0.3046169
-0.32520446,-1.4361458,0.23553534,-0.6786779,-1.4783306,0.72643745
1.4320011,0.93682986,0.24499916,1.0654503,0.35616198,0.6714268
-0.40984288,0.4051562,-0.26109725,1.2450347,-1.3447506,0.18380184
-0.5141577,-0.04189375,2.6379845,-0.7312048,-0.0054772454,0.9285521
0.47927454,0.18078668,0.91427696,2.5934448,0.45968923,-0.28813198
1.3727753,0.123796165,-1.3442569,0.19905473,-1.0046256,1.2312121
0.64151,1.4380438,-0.062295314,-0.4125704,1.2413077,0.5868182
-0.13485861,0.1243782,0.16944066,-0.6010053,-1.2265801,-2.0614376
1.3046978,-0.4275823,-0.22237901,0.67533326,1.0678532,-0.067133404
1.1865652,-0.5550733,-0.8002945,-0.5955234,-0.7852207,0.8793581
0.28319207,-1.5756828,0.407953,-0.7218723,-0.9087868,-0.19596817
0.46600264,-0.55743736,1.7131689,0.4999402,0.024016025,0.9372669
-0.57487535,-1.9564435,-0.63285995,0.4853527,0.47663,0.8976179
1.4650334,1.2558457,0.679272,1.7835565,-0.113770306,-0.22024743
0.8508777,0.029300388,0.2550666,0.48939222,-1.0637969,0.032641903
-0.03427785,0.72598696,0.27440235,-2.327742,-0.02380971,1.0523715
0.2585505,-0.21711971,-0.5972179,-0.43466467,0.6480553,-0.9678912
0.533701,0.115296446,0.91169393,-0.20426245,0.6293172,-0.5220549
-0.8491869,-1.3420124,-0.91815215,-0.6737031,-0.36405125,-0.057682376
0.054270245,0.69403243,-0.6978496,-0.31513417,-0.3877429,1.1776724
-2.0953624,1.0519004,-0.59275436,1.1914653,0.58556914,-0.3023066
-1.1811273,2.0069447,-0.63397306,0.83772177,0.1543812,0.77990174
0.38273796,-0.20025933,-0.087037764,2.0784447,-0.7338881,0.11279517
0.18890281,0.41573325,-0.03386626,0.6305232,-0.42381933,-0.69501436
0.24945787,0.9864189,-0.58219606,0.30221692,0.62766564,-1.1058322
-0.7618362,0.37589872,-0.5118103,-0.8259582,0.7725579,-0.2178296
-0.7120083,-0.23184723,-1.2005876,0.16098025,-1.2961255,-0.5700348
-1.456275,-0.15521087,0.20766777,0.83651924,0.63394284,-0.30278832
0.5550678,-1.0480933,-1.5406804,-0.72975546,-1.744445,-0.2834411
-1.2052348,0.60803825,-1.1247382,-0.57712626,0.89435357,-0.77086836
-1.0239049,-0.65093166,2.403498,-1.9442525,0.046252448,1.0043849
-0.8322135,-1.304987,-1.0254194,0.2138514,0.33315453,0.23654096
-0.41056705,1.6944656,0.10012375,-0.9961584,0.37464508,1.1695534
0.19576468,-0.4716504,-0.36549705,-1.1661621,0.93154424,0.7270244
-0.76635283,0.05901881,0.13817672,1.6146531,0.14026451,-0.5314358
1.3076397,0.79414,-0.6820941,0.9746276,0.09067017,-0.83506763
0.81269294,-1.3285649,0.05016098,0.33595484,0.2619736,1.8876848
0.3289542,-1.2715644,-0.41615552,-0.004370611,1.0177138,0.055893917
-1.6900471,-2.4061706,-0.36638898,2.1162992,-0.23102264,1.8975508
0.41505888,-0.08157205,-1.5348297,-1.5409232,-0.6388566,1.4934732
-0.2889838,-0.59108937,1.1618499,-1.7934266,0.14647754,-0.14037518
-0.24325673,-0.8187853,-1.109112,1.1158694,0.9983052,0.08143835
1.0674102,1.0757643,2.0896273,-0.14414653,-0.86650354,-1.3812199
-2.2548811,-0.6111918,0.9058408,-0.04731483,-0.9104396,0.14415538
1.6598524,-0.47611693,-0.0700192,2.4484706,-0.24414234,0.83321255
0.23553191,-0.6365957,-0.3859788,-0.45982456,0.19264267,-1.2096151
-0.2661855,-0.43508103,-0.38007563,0.88763386,-0.804771,1.1442232
-1.104626,-1.3913385,-1.9080037,0.26504937,-2.8870661,-0.27728227
0.4305199,0.18503265,0.791936,1.3506377,0.26654586,-2.2048395
0.53073585,-0.11843639,-0.10656381,-1.9792874,0.38649178,0.965343
-0.29219,-0.32393584,-0.053677127,1.3450599,0.5301802,-0.010670367
-0.29443198,0.31296495,-1.0923493,2.7460012,-0.25647116,0.10159174
0.7566259,-0.19467925,0.036193505,1.7538692,-0.31793505,0.9645683
2.4203103,-0.15973754,-0.84260464,-0.8630967,1.075105,1.4062525
0.7749291,0.3703199,-1.2956727,0.17253314,-0.66910404,0.6631135
0.27193537,-1.2446641,-0.78710973,-1.0591834,-1.4121547,0.8347886
0.60978514,0.48421738,-2.2352858,1.1580422,-2.0851803,-0.28800896
-1.602461,-1.3381501,-0.35271722,1.7259606,-0.86306196,1.1049051
-0.1738478,0.22211827,-0.53851676,0.795469,-0.7598974,0.10906617
0.9447131,-0.26809597,-0.31273726,-0.46074462,-3.3195505,1.1768577
0.64986485,-1.101784,-0.76578444,0.032010846,-0.886481,0.6640297
0.14127436,0.08443516,0.23855445,-0.819867,-0.45896515,0.059386577
-2.315982,-0.978479,1.0642612,-1.0185667,-1.8445508,0.04112816
0.23438032,1.5460948,-0.36335585,-1.280733,-0.15275739,0.02680721
2.7737215,-0.94751453,-0.8558534,0.20624849,0.51186323,-0.5848357
0.06299741,1.0445809,0.39749014,0.64060605,1.821556,2.009804
-0.61153144,-1.3016713,-0.317031,0.46328005,0.95740366,-0.9126091
0.14291258,1.4674833,0.11987772,0.2847926,-0.23790435,-1.6759516
0.8750426,0.8733091,0.013296372,-2.7973893,0.22369716,0.16517179
1.1281396,-0.2581421,0.43152788,0.7585772,-0.06746485,-0.057673544
0.60781497,1.7237159,0.90913975,-0.6822241,-1.1774069,-1.1746018
-0.21763127,1.6446334,1.5796374,-0.27353427,0.2608823,1.9260737
0.11470351,0.29825324,0.39346036,-0.46109438,0.59314275,1.779972
0.3569375,-0.74478585,2.1641734,-0.9368563,-0.17971763,1.0685881
2.5221684,-0.31442204,-0.94181657,-0.5656908,-0.47629133,-1.2641728
0.0007097226,1.0181651,-0.08701791,-0.72139245,0.56122404,1.7683643
-0.73825395,0.7955334,-2.9877348,-0.37636557,-0.063738026,2.894007
-1.5229113,-0.43668836,1.319164,-0.74816,-0.1861491,-1.0173184
0.736293,-1.4933699,1.5565968,0.24572597,-2.118025,-0.17638366
0.2610504,0.8654772,1.1549718,0.42877176,-0.089046486,-0.27790192
-1.750192,-0.4839668,1.2660837,-1.0710583,1.072177,-0.7954507
-0.30157748,-1.3112053,-1.3596319,-1.250543,0.50964457,-1.794496
-0.87683153,-0.5005785,-1.0615444,-1.3106948,0.6386676,0.20981301
-1.1824864,-1.3043658,-0.60035646,-0.45917866,-0.49506485,0.20558275
-0.8932774,-1.5085609,1.0293006,-0.28538454,-0.044440646,-0.45910904
1.9154326,-1.7925426,-0.06496081,-0.5691107,1.6187185,-0.79898566
0.48395175,-0.19248204,-0.19743265,0.13875718,-0.5420428,-1.1124587
0.7321963,0.7170187,-0.33133918,-0.28683174,0.7111672,-0.7328652
-0.029738283,-0.98575807,0.8359011,-0.96650106,-0.28226972,-0.1160128
2.6744251,1.2903798,-0.06577431,1.2041013,-0.5754607,-0.66637516
-2.179339,-1.2689387,0.53755045,-1.2584945,2.1655354,-0.13918142
1.093082,0.5748827,-1.3465029,-0.5786249,0.36226502,1.6635984
-0.69431084,0.015845448,-0.38414672,-0.4935426,0.31085315,-2.1792636
0.5114102,-0.72783715,0.9342874,0.40806043,-1.2017872,0.40525302
0.015493902,-0.031141594,-1.4561402,-0.560145,-1.0040283,0.5291608
1.3464711,1.0409352,-0.3780362,1.1085912,-0.8248903,-0.23583373
-0.029088052,0.9678059,0.17849849,-0.35854968,0.018700406,-0.029765474
-0.24215624,-0.80589217,2.044932,-0.09206604,0.42902276,-0.96671134
0.57225543,0.6677123,0.26951408,-0.7375649,-0.40796652,1.0640608
-0.61468923,-0.06974911,0.9748921,-2.3274975,0.568179,-0.5495665
1.9190049,0.13275635,-1.9362713,0.52188814,1.1353416,-0.5690652
-0.47662574,-0.90333647,-1.1976502,-1.1440116,-1.4224528,-0.21387607
1.0389532,-0.40589175,0.8747331,-0.6251564,-0.57986474,1.0688424
0.63718736,2.2046857,-1.2132691,-1.5402997,-1.9860713,0.28501624
-1.5410085,-0.9781638,-0.62503296,-1.7779623,-1.8487647,0.2585101
-0.30573735,-1.8179295,-1.5298116,-1.4488667,0.40429848,0.8284868
0.8681202,1.7954626,1.40979,-0.7944585,0.57171464,0.039016638
0.4104725,-0.12310295,1.5637873,-0.050994158,-0.5791847,0.45674714
0.9786858,1.2555226,-1.3316499,-0.80359876,-0.31075522,0.5645044
0.23502459,0.03823035,-1.660681,-0.87066334,-0.9441422,-1.912238
1.8205035,-0.09535623,-0.9113088,-1.9872314,-1.253912,0.7910531
1.4208941,-0.16250122,0.6608719,-0.708301,0.05755024,1.1342567
0.11040752,0.8381349,-1.8440571,1.3165905,-0.30755082,1.6801392
1.2099314,-1.2564203,0.036244694,0.64109236,-0.6359439,-0.8241253
0.03452311,-0.7598038,-0.8322339,1.4902868,-0.08367634,1.4213849
-1.0548356,1.2139707,-1.2294875,1.1344876,1.0793991,0.10541271
0.30570933,-0.73260814,-0.73292536,0.35118967,-1.9760238,0.499168
0.8845112,-1.1796975,-1.0693866,-2.170725,-0.77036446,-1.9261577
0.75011533,2.3885825,-0.57068497,-0.64515704,-0.48491317,-1.2229134
2.0178137,-1.1633481,-0.09167255,0.36853325,1.1553417,1.005858
-1.8294622,-0.5410012,-1.3696513,-0.072957605,0.18820857,-0.9275234
-0.06299586,1.4443129,-1.3482555,-1.3387024,1.7409121,1.7146896
0.29990682,0.104412876,-0.20068027,2.1137075,-0.577593,0.6436291
-0.99641895,1.6525356,-0.6252486,0.24456714,-0.011723083,-0.027805006
-0.058585558,-1.3513632,1.0675433,1.7433398,0.4060792,0.39745814
-0.9298097,-1.6973709,0.41341078,0.4629521,-0.4835815,-1.7625034
1.1156983,1.9602113,-1.8070368,0.08375127,0.9503976,0.30336055
1.3983588,-1.4057353,0.51819927,-0.49302277,0.23422801,-1.9113873
1.3042467,0.3928263,1.0813332,0.879719,-0.6998158,0.462743
0.96974915,0.6565783,-0.24178922,-0.36124462,0.775643,-0.24595018
-0.6326285,0.118903935,0.49525002,-0.5263186,0.43624467,0.39945254
0.9618431,-0.7318119,0.047618788,0.02943818,-0.74913955,1.3557352
-0.83847475,-0.8996026,-0.76436853,-0.116616756,0.2720088,-0.0053757457
-0.9020363,0.12515989,-0.24624592,0.7973195,-0.49550718,-0.32116845
-0.8028442,-0.12775517,-1.940278,0.81021947,0.73893124,-0.47370467
1.5246124,-0.23390892,-0.062900744,-0.27007228,-0.11417016,1.3357071
0.16031371,-0.9582773,-1.2879562,-1.5834981,-1.0117725,-1.2194793
0.5413252,-1.133869,1.0498965,-1.1840988,1.572009,-1.5419929
-0.5265743,1.8755497,1.52856,-0.82713735,0.63020825,1.3098173
0.011001748,0.01998772,1.1588755,-0.7342467,2.8024802,1.0559112
0.51587594,0.69998837,-2.0723827,-1.0267717,0.7912773,-0.03760523
-2.2455804,0.14630385,0.8557169,0.52857953,-0.5895802,0.28194836
1.2018225,-0.78907645,-1.561173,-1.9709479,0.07558186,0.6830491
-0.9176607,2.057786,-0.11651803,0.30578715,-0.34904766,0.98422164
2.4482136,1.3359251,0.09573143,-1.6913096,-1.1351924,0.14157978
1.9681649,0.6040949,-1.38839,-0.5764025,-1.2820312,0.13665487
1.0354848,-1.1884634,1.0337759,0.44163787,-2.4519687,-0.97539324
-0.28150424,0.31663108,1.5278182,0.3070781,0.30642653,1.3797601
-0.12181645,-0.77385443,-0.48920277,0.5676364,0.9236951,-0.1592742
-0.46105167,-0.22128141,0.7305069,-1.9507586,1.695756,-0.5330569
0.20984484,-0.045818504,0.73568666,-0.5919122,0.35301325,-1.126989
-2.1615946,0.93789506,1.0228221,0.6984742,0.3583942,0.24144034
-1.0167704,0.50899816,-0.6568135,0.21429451,-0.02683836,1.3804381
-0.7732496,-0.7358005,-1.0338973,-0.2004905,0.7180124,2.092582
-1.3959081,1.322743,-0.7393465,-1.8655405,1.8414048,-0.39940345
-0.93372506,-1.5620573,-0.75412136,0.87241226,-0.0007746126,-1.20945
0.25385764,-0.8089403,-2.2154605,0.7112917,-1.9787478,0.009086669
0.057526723,-1.1449547,-0.8771548,-1.0708234,0.5711336,-0.8620056
1.1062098,-0.33399516,0.07830944,-1.3124985,-0.17324756,2.1724887
-0.31590214,1.7089527,0.84600484,-0.085619725,-0.61932033,1.0291159
0.4974237,-0.14280714,-2.3433802,1.229527,-0.80628383,0.20158453
-0.9116075,-0.25754133,-0.31875595,0.57909036,-2.354075,1.0279021
0.41907147,-0.18547896,-0.6742582,-0.30140615,-0.57819885,-1.6900872
0.34824672,-1.6972953,0.73346883,0.6541037,0.25210324,0.27145293
0.05706089,-1.0697273,-0.89131606,0.45925888,-2.210384,-1.8902075
-0.70335656,0.14571081,-0.4114336,0.502618,0.16198269,0.88064116
-1.264409,-0.8377557,2.4989111,-0.06251428,-0.17368683,-0.69825625
0.7574859,0.44537243,-2.1828158,-0.05868908,-3.4607024,0.7673543
0.60034895,-0.8764113,-0.6639144,-0.30612803,-1.3743752,-1.0148501
-0.56164515,-0.35521543,-1.3691517,0.8783961,-1.2663215,-1.0860306
0.09034739,0.20127712,-1.5552166,0.62445295,0.56264305,0.53229266
-0.450664,1.2196419,1.3744191,1.114748,-0.11009678,-0.102493264
1.2757907,0.7280654,-0.98883516,1.8201035,1.6091826,1.5215999
1.1169336,-1.2161841,-0.11111995,-0.24665542,0.024085097,-0.18018843
1.3551508,1.8782768,1.4698356,0.5097157,0.13098554,0.56409717
-0.6387826,-0.51999944,-0.49525106,1.099472,-0.97521037,-1.365669
-0.9468511,-0.64545006,-0.7019416,0.4627922,0.06633829,-1.6536956
0.22631481,0.3654136,0.8336865,1.0452819,-0.05598036,1.4523911
0.94377726,-0.1550357,0.4752052,0.5048893,-0.36124113,-0.618355
-0.599721,-1.23256,-0.04372385,-0.80385673,-1.6509023,-0.9469056
0.6335609,-2.5807824,0.66398597,-0.19806355,2.3113208,-0.37664592
-0.39023408,-0.56621367,-1.534332,-0.7203387,0.15666561,0.1936931
-0.35289842,-1.1519272,-0.4265696,-1.3022921,0.22888753,-1.0034404
0.1584359,-1.6411786,-0.71875554,-1.0902028,-1.5566368,0.31183007
0.15833879,-1.0165535,-0.32222036,-0.15799125,-0.800107,-0.44129568
0.5336556,0.6603597,-0.6954941,-0.038506817,0.10992241,0.72733504
0.3989589,1.151693,-1.5192447,-1.246969,-0.2565519,-1.2924508
-0.65205985,-0.22732456,1.346172,0.06769408,0.73294663,0.33253464
1.5175005,0.3859186,-0.41278386,-0.83158064,0.913157,-0.96720445
0.28377873,-1.7375166,0.76355404,0.8510412,-1.155072,-0.46522716
-0.14084265,-1.4323847,0.36466646,0.8288907,-0.23973294,-0.91124636
-1.1635739,0.2745628,0.66040415,-1.3376662,-0.5663312,0.26631045
0.26487783,-0.15514554,-0.3516016,0.42179838,-1.280788,-0.071822874
-0.15617642,-0.37798145,0.93950164,-0.60305303,-0.0335041,-1.3158025
0.93258345,0.58501345,1.5421733,-0.60221016,-0.14146404,0.121130586
-0.33813044,-0.9798081,1.1291678,-1.8746161,1.1906955,-0.012426202
0.60614496,0.6783489,-1.882396,1.7046992,-0.45545006,-0.013588124
-1.339628,0.7874867,0.4031917,-2.1949763,-1.6287866,0.13037452
-0.9785208,-1.9177557,0.54499143,-0.10326512,0.48033822,-1.7408483
-0.34497774,-0.70007044,-0.7127564,-0.67334014,-2.0125864,1.9483718
1.8928918,0.72180045,1.5022064,1.5369982,-1.0311228,0.3969761
-0.5645954,-0.8519027,0.63370395,-2.532663,-0.9659126,0.5037485
-1.2063547,-0.2703323,0.9961111,-0.17861895,-0.21014798,0.33775315
-0.8627792,0.78127897,0.55063593,-0.27595776,1.2804374,0.24407066
-0.33392227,-0.06121527,0.5462059,0.33565596,0.024115125,1.0251907
-0.20027965,-0.43393558,0.58286977,-0.07456601,-1.9542009,1.7437751
-1.1153181,-0.57078826,-0.3428903,1.4032947,1.6594884,0.12228403
1.1748897,0.0596703,0.96385825,-0.8212632,0.5168948,-0.48783684
-0.58549196,-0.06783056,0.051278967,0.22642763,-0.7641376,-1.2557055
-0.1921817,-1.1735468,1.9689404,0.078085884,1.4924127,0.8227329
0.94549286,-0.99653095,3.035738,-1.2936442,0.31868997,-0.99627906
-1.2118921,1.0293292,-0.42866832,0.08190916,-1.5452636,-0.95682925
-1.0501244,2.0442717,0.20971745,0.5904257,-0.60080695,-1.7833433
-0.063205004,0.07748527,-0.29387766,-0.061190587,-0.63488084,1.3580455
0.8771787,1.0044007,0.01897816,0.54277176,-0.8849679,-0.5592591
-2.0110111,0.35605472,-0.19493501,0.25669602,-0.1099057,0.10348609
-2.3322442,0.4855225,-0.38168213,-0.24929483,1.6053323,-1.8164907
1.3267491,-0.14041886,0.89956534,-1.3730518,0.13116203,-0.41071585
-1.5292188,0.17985584,-0.15614194,0.5518044,-1.4427409,0.32768092
0.3087677,0.7294972,-0.29837766,0.75640744,0.45121565,-0.098865144
0.8879535,0.37830645,0.8991216,-0.058892805,0.044492755,1.2134587
-0.3534894,-0.4997986,0.5498511,-0.74513644,0.37471813,0.2709092
-1.7088965,-1.2878406,-0.77463377,0.93654656,0.26750877,0.97959036
0.2344136,0.038443148,0.4873949,-0.67985845,1.0836937,2.3095374
-1.6058083,1.3109813,-0.20345494,-0.045303445,1.1548415,-0.46159288
-1.5532697,0.518425,-0.41076812,0.46490163,0.8847425,0.4626274
0.14314248,1.9341143,-1.3834344,-1.8374243,-1.2491436,0.94601786
-0.82145715,1.6442916,0.032914385,1.0366441,-0.032901242,0.35775018
-1.6449987,1.1348896,-0.5052269,-1.2103786,1.3325849,1.9156698
-0.50401884,-1.9472693,0.35654446,0.98886013,-0.46641558,0.52896136
0.2153712,0.00492518,-0.5448099,-0.36977082,1.1707765,-1.5331458
1.0425361,1.2885418,-0.38320932,-0.36609954,-0.9572618,1.0835342
-0.8509257,0.15196607,-0.25786918,0.67056954,0.056477226,-0.25186726
0.7791044,-0.17425765,0.8562532,-0.97927624,1.2580584,-2.3447819
-2.0159516,-2.3652644,-0.83275443,0.6925655,1.1206009,-0.10051342
0.98623717,-0.57901734,0.9632139,-0.136757,0.37189525,-2.9155424
-0.8812122,-0.2890076,0.73450226,0.012472314,-0.2647126,-0.5647403
-1.474282,0.30651602,1.4302005,-0.65053105,0.7989389,0.4596806
0.46856362,-1.377176,0.65366477,-0.7585013,-0.0028769965,0.024474887
-1.2725002,0.06944535,1.4710002,0.13543457,-0.4413738,-0.10717525
0.6535572,-0.65434855,0.7901719,-0.29717538,1.4597249,-0.21257174
0.33178854,0.15132843,-0.24637511,-0.27117312,-1.3890483,-1.5194063
0.08679045,1.3531808,1.0894536,1.3774252,-1.3053855,-0.93162656
-0.22449,1.3985013,0.87919,1.1673123,0.3520829,0.50386083
0.49676734,-0.50579417,-0.04718308,-0.1879583,1.4657173,-0.2664816
1.5124346,-1.5882884,-0.30697876,-1.9782763,0.096344426,-0.55715746
-0.266428,-0.3083671,-1.1572398,-0.10649915,-1.1611968,0.23125803
-1.5948379,-0.79525524,-0.08245889,0.8692233,0.1781894,0.22283049
-0.7353077,1.1068265,0.22939794,0.4252879,-1.5132974,0.4591381
1.4018142,0.28386292,-1.5085615,-1.1678666,-0.32367826,1.1023439
2.115373,-0.32623842,-1.345989,0.88306457,-1.3335197,-1.6127218
1.0896386,0.26275268,-0.32840684,0.6326737,-0.6961506,0.9809671
-0.33548504,0.34768832,1.120698,0.6553523,-0.83721393,-0.63041437
-1.559403,-1.5938939,-1.0804008,0.14928408,0.18918133,-1.0583631
-1.2191077,-1.1282722,-0.7357571,1.5798929,0.76409775,-0.79544
-0.59917706,0.055496622,0.43330958,0.92952573,-0.4115206,-0.82751113
0.41610876,-0.6929282,-1.5884166,0.5882321,0.15590924,-0.71151155
0.29804426,1.3058814,-0.9071082,0.07347117,-0.19592741,-1.9386657
0.18237102,1.098348,0.6378468,0.55270123,0.60583997,-1.7503221
1.0012351,-1.29121,1.7825779,-0.5550459,-0.09177465,0.24004342
-0.2432902,1.2104516,-1.0504241,0.30713943,-0.27663723,0.022356896
-0.23344786,-0.29070696,-0.21679813,0.27765667,0.11399861,0.24814108
-0.37807286,-0.31617337,-0.5114963,-0.8755595,0.93657804,-0.027449898
-0.7743027,-0.61321384,0.6275073,-2.1736114,-0.3134711,-3.4618614
1.8391454,0.4648211,0.14774114,1.3237991,-0.77192074,-1.4987594
-0.05028914,-0.5204985,-0.52322084,-1.5254734,0.42900717,0.32904577
1.0426995,-1.4477521,-0.92559355,1.4156286,0.78787327,-0.3318505
-0.7494291,0.66821307,0.8619432,-0.846083,0.4487176,0.2853782
1.1832525,-0.5154467,0.03374187,0.39359775,1.3097754,0.8919235
-0.25584996,1.7620173,-0.17147928,-1.2124248,0.18821712,-0.9728389
-0.028196292,2.0979207,-0.7305264,-0.18442197,-0.009906623,1.554187
-0.2745957,-1.2807999,-0.5884879,0.21993665,0.64365864,0.89609724
-0.85397154,1.491453,-0.40592682,-1.0459869,1.6862048,0.14494838
-0.27754608,-0.7708766,0.75640666,0.66906095,-0.3384068,0.7391623
1.127845,0.9293253,-0.14654669,1.0497696,0.01219738,1.4563123
0.2835506,-0.30659232,-0.009496472,-0.012467797,-0.0585944,-0.8289159
0.7944842,-0.03810314,-1.1777464,-0.11814646,-0.7867477,-2.477899
-1.7327176,0.043580975,0.27554116,0.2626587,-0.035790503,-0.18387945
-1.2325001,-0.81403464,1.3742381,-2.0445697,-0.1492203,-1.5563077
-2.0847013,0.49457338,-1.2129974,0.27685463,-1.2509162,0.67113405
1.4204909,0.489849,-0.2621788,-0.08874438,-0.6312829,0.23288324
-0.9055382,-0.0010889174,1.3210379,0.6769851,-1.7539012,-1.9558368
-2.6704803,0.74947774,0.5767319,-0.17676571,1.7698597,0.006588272
-0.68838704,0.33679277,-0.7601964,-0.7731172,0.88035357,0.12354284
1.1745181,0.5410656,-0.028558156,-0.35318235,-0.53723997,0.07577822
-0.4738163,1.6156816,-0.25165015,-0.43848246,0.07051964,-0.04572745
1.1414002,0.04775126,0.07020797,0.1608532,-1.4661158,-0.75496966
-2.6735516,-0.7965124,-0.85634404,1.5876983,-0.57565975,-0.30106696
-0.41395846,-0.9491976,1.4269706,1.1887658,1.1590989,0.3343699
-0.18778439,-0.7673687,-1.4235767,-0.4923215,-1.1523678,1.2514721
-0.06676738,0.73873556,-2.8831038,0.6199197,-0.97402066,-1.0362867
0.66339743,-0.49416727,-0.5824252,-0.29536548,-0.2712142,0.43652135
0.25159207,-0.04379409,0.6416543,0.66539526,1.2290318,-1.6083798
0.062624864,0.18283449,-0.6328241,-0.7747012,0.05364934,0.61796224
0.75139624,-1.1863205,-0.23757303,0.42823213,-2.5815334,-0.30735272
2.2688537,-0.03703762,-0.5106486,1.1408659,0.89368296,0.00046840345
-1.1942265,-0.99112463,-0.03685579,0.35515556,0.16784514,-1.1599733
1.7289493,-0.8970691,-0.26963872,-0.56135696,0.14367786,0.822214
-0.21777843,0.6531805,0.3138034,0.38103056,1.3991172,0.92058426
1.2415,-0.8864682,-0.26063582,0.1774181,-0.7788964,-2.9511828
1.2542174,1.8569635,0.83713037,1.340812,0.4176909,-0.78080714
-1.4871399,0.48278713,2.1159241,0.86256295,-0.43270746,0.8156841
1.0715114,0.9828481,-0.03716452,-0.35134998,-0.81933755,0.07869886
1.1067845,1.6443629,-1.1508188,0.098444425,-0.1283174,0.5429898
-0.42371267,0.12406961,0.0720352,0.4478692,-1.8012483,1.2406516
1.9922396,-1.6441643,-0.56704843,-0.5133403,0.17700611,1.2412409
1.47734,0.71426284,-0.24142066,-1.1592629,-0.83365333,0.6106783
0.660562,0.14990607,-1.0067205,-0.21380281,-0.99439836,-2.1944504
1.1282508,-0.8365225,-0.9493722,-1.0393515,-1.1686515,0.6392352
0.7409436,-0.28202873,-0.2864065,0.3725199,0.3880899,-1.4529896
0.94455945,0.9449743,-0.1499761,-0.43131015,-0.6744227,-1.5808603
0.6505443,1.3036762,0.02831657,1.8913652,1.0762929,0.9218759
1.9058163,-0.3201448,0.4345311,-1.595222,-1.9884834,0.25471216
0.78219634,-0.5010181,-1.6155292,1.5498942,-1.36336,1.2872038
0.85484684,0.9491584,0.32184947,0.8290016,-0.97618854,-1.4877928
-0.46129906,-1.5399591,0.38667056,1.1828392,-1.1343973,1.2021328
0.8414801,0.11565743,-0.17419186,-1.0905948,0.12642825,2.950443
0.3532783,1.6577336,-1.1610947,-0.42296004,-2.381421,0.7835264
1.0724254,1.5566318,0.5463239,-0.79631543,2.0252943,-0.22713752
0.65922695,-0.7556455,0.12812518,-1.804713,-0.38300973,0.750695
0.50174445,-0.04712199,-0.2644619,-0.70973116,0.005288702,-0.42257905
-0.12939538,0.97596806,1.9407884,0.25947553,-0.2990079,-1.56675
1.1651895,0.78846043,-1.8106858,-0.2863415,0.5101379,-1.7686316
-0.20283759,-0.14573446,0.54762197,-1.1837236,1.0201683,-1.0651865
0.16583627,0.13926083,0.89097714,-0.27405536,0.6364037,0.8470976
-0.7094552,-0.6011826,1.3926432,1.0899606,-1.0393729,0.92991567
0.21863262,-1.9433689,-1.4335113,0.8459404,-0.6228809,-1.5784647
-0.114230186,0.9655048,-0.7265727,-0.22826466,0.08153309,-0.7231316
-0.7457039,-0.51431423,-0.26111665,1.1949155,0.66370386,-0.6174485
0.42042756,-0.14909391,1.3077973,1.0051173,0.7468284,1.0450594
0.28975958,0.13870235,-0.035645965,0.5762271,-1.6342973,1.3202881
0.4061656,-1.345262,1.0133618,1.7652917,-0.8043384,-0.36774525
1.6935254,0.84867126,-1.3867947,-0.50963104,-0.64372784,-1.7931387
1.902124,0.31928706,-0.3329141,-1.3965211,-0.049753312,-0.2243143
1.045898,-0.49343455,-1.101271,0.17262244,-0.48004314,-0.08488817
0.25181735,1.5412855,-0.77356136,-1.1659504,-0.3428038,0.48347756
-0.693431,-0.061224353,0.7584694,-1.4297178,-0.48623607,0.24021938
-0.8336392,2.2412646,0.11568413,0.05485576,0.09505839,-0.7522361
-0.20806214,0.80707794,0.6810816,0.4253977,-0.036705617,2.1093128
0.9814501,-1.5506634,1.0844289,-0.6107064,-1.0532385,0.3830362
1.361983,0.28358728,0.2573331,-1.2693619,-0.39418533,-0.4242508
-0.5207724,-0.50144655,0.07043804,-0.1107123,1.5922614,-0.89899015
-0.3747011,0.21338718,-0.7072974,-0.2797574,0.59671676,-2.0749116
-0.021116698,1.1617831,-0.6366954,-1.4197505,0.07000131,-1.0983114
0.0342747,-0.90294653,-1.6359727,0.94410414,-0.43968812,-0.4015316
-1.3922836,-1.4258221,-0.9041863,-0.83422875,-1.9949323,-1.0394902
-0.66626865,-0.053111505,-1.9623082,0.20971501,1.0656279,-0.6802225
-0.13158682,0.8448005,0.31530258,0.26252806,0.1010193,-0.2959741
-0.2283652,-0.10742358,0.526971,0.44555467,-1.3265624,1.2024142
-0.06321597,1.1148546,-0.6207922,0.18375751,-0.73071253,-0.79573184
-0.43682033,1.6809535,1.2111001,0.12943172,-0.42900065,-0.40812638
-0.70876974,-0.5505756,-0.05111607,1.337786,0.6448504,0.5356757
-1.052234,0.91872245,-0.049945064,0.6298426,-0.07465207,0.17378984
2.0062847,1.0668092,-2.4195998,0.12914293,0.17425057,2.0378537
1.8789244,-0.58144164,-1.2439965,-1.2631859,0.7317959,0.06548301
1.9341251,-0.16489536,-0.4051292,2.6813643,-0.051311098,1.4879911
0.5554574,0.49968848,-2.0118032,-1.4100146,-0.92139584,-0.3754809
-0.016902223,-0.5512752,-0.8354094,-0.072879836,-0.19520482,0.26041195
1.7229769,-1.5876465,1.2722073,0.7731984,-0.783273,0.8495542
0.83147776,-0.4171748,0.4362763,-1.835862,0.26567098,1.5563325
1.0290366,0.62021255,-1.0983183,-0.7732131,-1.3206359,1.1024717
0.6102747,1.9029695,-0.37662137,1.1750275,-1.664724,-0.9199533
0.41210178,0.08153518,-0.37647793,0.50145394,-0.08037236,-0.8729156
0.4503822,0.5228227,1.5878699,-0.7604573,-0.65147984,-0.3951311
0.7154341,-0.16395773,0.40905112,0.60460156,0.2493384,1.5942005
1.4535193,0.7117532,-0.7841059,0.8243933,0.12260228,-0.19772615
0.69044155,-0.50370777,-0.98511297,0.3672379,-0.13338798,0.25229472
-1.6023735,-0.6210621,0.22994477,0.96489537,-0.5635624,-1.3257512
-1.9450947,-0.7539291,0.74253464,0.099991955,-0.20687626,-0.10570994
0.03374615,-1.022111,1.1250752,-1.8471874,-2.0732355,-0.47526667
0.6150099,-0.62461245,-0.4405259,0.9861677,-0.20383744,0.6024248
-1.7324855,1.1443464,0.108550474,0.9014397,0.7292039,2.0357335
0.026780114,-1.5380708,-1.292661,0.08857889,0.61183083,-1.7616996
-0.85296994,-0.29602805,1.1128058,2.0315332,0.050399162,-1.4423791
1.0745721,-1.1745905,-0.066066764,1.4048764,0.1359549,0.117245
-1.9823623,1.2664436,0.22309421,1.3219695,0.21019466,-0.8300658
1.5906637,1.6657215,1.0475512,-0.22836739,0.25683057,0.3032756
-1.2459506,-0.19807443,-0.5675343,-0.38678476,1.2900208,1.0206635
-0.050311223,1.4832747,-0.5070409,-0.14596479,-1.5190043,-0.3957671
0.06335771,0.25198478,-0.6449814,-2.436346,1.1250465,0.3427787
0.8630664,-0.9748059,1.1110458,0.56716555,-0.5434761,-0.6988031
0.18047336,0.09437269,-0.49236104,-1.1890359,0.17250958,-0.008730033
0.3843055,-0.19457845,0.009407844,1.1558388,-2.701991,-0.33761868
0.98041844,1.5776935,1.5755215,-0.082396686,0.4772929,-0.27927706
-0.093080275,-0.2830229,-1.0805509,0.19467813,-0.34043196,-1.13921
0.36690366,0.38293913,0.5133368,0.040028457,-0.59285927,-1.9217477
-1.36963,-0.36830914,0.3791959,-0.38272935,1.3496863,-0.13039018
-1.6961459,1.6743679,0.0492213,0.22531205,-0.7873139,1.8962504
-1.3762443,0.36442348,0.94419175,-0.8681818,1.5066154,-1.3917631
-0.47008884,0.20270044,-0.7198684,0.7969189,0.27359477,0.06434324
0.6584434,-0.47214705,-0.94932276,-3.214882,0.29322034,-0.009130913
1.072814,-0.6466302,-0.32851392,-0.42761704,2.0912814,0.64627177
0.98480886,1.1751245,0.71829104,-0.08238371,0.46778622,-1.4235308
-2.7510493,-0.2466267,-0.16948223,0.5588092,0.6310177,0.35374942
-0.1833677,2.287025,0.7803525,-0.6357979,2.0654378,0.020059738
1.2568864,-0.89678156,-0.29851514,0.8766295,-0.30093983,-0.13834344
-2.2310169,-1.4872625,-0.8898208,1.3892509,-0.79124826,0.2495148
1.7526174,1.7704798,0.86701757,0.8028038,0.6666719,-0.2840209
1.6667142,1.9227363,1.1936034,-0.15530662,-0.54734933,-0.4082879
1.4990563,1.9253917,1.154992,1.2851843,-1.28871,1.1551265
-0.29335895,-0.5140619,-0.19082145,-0.31362575,0.289076,1.1148987
0.43005005,0.21439815,0.16758388,0.0978164,-0.30167827,0.8828438
-2.2196198,0.80573887,-0.17737442,0.8545276,-0.12630908,1.1749628
1.7590533,-0.28260538,-0.013811926,-0.3473687,-1.063974,-0.9150729
1.392823,1.8440813,0.9287368,0.82884014,1.554223,1.2966461
-0.23152836,-1.3948786,1.9679785,-0.4687695,0.052970607,-2.128951
0.58835053,-0.24048254,0.10638834,-0.14664762,0.32900307,0.61988336
0.40958813,-0.71725804,-0.878419,0.61090636,0.20311801,1.5670815
1.6327288,1.1334128,-2.2321613,-0.06939291,-0.19958991,1.3584204
-0.13267675,2.463645,0.43710196,1.9769877,-0.01963148,-0.31000915
-1.4065298,-1.3569689,1.3294284,-0.56117374,0.6675611,-0.08637809
0.47335857,0.36481315,-0.8911376,-0.53626114,1.8315269,-1.3556007
0.33590546,1.4441743,1.2203104,0.36862934,1.1220901,-0.7124231
0.74279535,2.5230305,-0.82691866,0.6386549,-1.4650128,-0.60433704
1.5278125,-1.0265623,1.8636107,-0.16004097,-1.112542,1.5541095
-1.0297079,0.52020603,2.028445,-0.3454775,-1.0405523,-0.74519557
1.1690313,-0.48273456,-1.7947367,0.4544267,-0.44668758,0.0060035726
-1.5251983,-0.15222791,0.19663747,-2.2186413,-0.70048016,-1.6113924
0.5131319,-1.27404,0.0794774,1.1274974,0.17129712,0.25949067
0.9345099,-0.018542154,1.7861663,-0.49128774,0.3214517,1.8314539
0.3602987,-0.8437965,1.1911066,-0.7571734,-0.22783665,-0.3040747
-0.119667314,1.1554258,0.9176386,1.2069762,-1.3726029,-0.41248184
0.13404505,-1.0352112,-0.047758404,-0.19957669,0.9295229,-0.71781343
-0.02357433,-1.8567189,-1.8778443,1.5804023,1.5135872,0.7130121
-0.19393441,-0.3585011,-0.76994485,0.29563564,-0.5740086,-0.1606432
0.34994912,-1.1100136,0.7926775,-0.22753178,-2.1385925,0.10355307
0.23453376,-0.0066212886,1.0800664,0.64969176,-0.7726542,0.27919576
0.7096567,0.26576748,-0.71103203,1.1970859,1.2340989,0.75191647
1.0484375,-0.48534456,-1.306556,-0.5944911,-0.3666081,0.045913592
0.8172351,0.72785646,1.2963331,-0.62897426,-0.044455316,-0.8705243
2.0998425,-0.034202088,-0.2679125,-1.5068258,0.2172257,2.1542716
-1.3402389,1.4531996,-0.55410016,-0.50757843,-0.19338475,-0.49038157
0.8189483,0.17318349,0.6834858,-0.015391202,-0.19912638,0.25678352
0.99237424,0.61592007,1.0951506,0.20015031,-1.324229,-1.4331801
0.5589461,1.4229325,1.3639072,-1.9814405,0.89476985,-2.1583622
1.59548,0.015191598,1.2359914,0.029619563,0.45063132,-1.3860906
-0.3138168,-1.54176,-0.66901743,-1.2460021,0.10061479,-0.44578412
0.5777668,0.43727052,-0.72578144,0.098660745,0.28447798,0.09287112
-0.17991604,-0.35841316,-0.16307227,0.9299479,0.85009646,-0.30877796
-0.714538,-0.09501634,-0.0024893673,-0.50117606,-0.3694051,0.20141546
-0.80594933,-0.024413144,0.100897685,-1.3856063,-0.7736489,-0.09102146
0.04400312,0.38598046,0.8667607,1.1019773,0.89597005,1.4654168
-1.38484,0.5319429,-0.16151445,0.8759772,1.0869318,0.64064217
-0.8273482,0.8896598,-0.8444444,0.5819192,-1.098189,0.4163902
-1.8669372,0.75127125,-1.0391078,-0.65808874,0.5148274,0.6522653
1.5223626,-0.4944178,-0.4438592,-0.037064116,2.1330884,-0.071644045
0.8715119,-0.58435225,1.2491531,1.6543627,-0.85239214,1.5224377
0.03275201,-0.033872645,-0.56340504,-1.3274499,-0.5197138,-1.9930968
1.407888,-0.38897762,-0.2142459,0.26517183,0.55638844,0.016900029
1.3722935,0.110291004,-0.12856796,1.1129447,0.34599295,-0.35356644
0.1548455,-0.06511012,1.3840724,-1.5619116,-1.1955945,-1.1682066
0.5673553,-0.23259819,0.7265729,-0.5341565,0.5156827,0.18806268
-0.7488311,2.2669632,1.3568996,0.88504887,-0.9405425,-0.13402644
0.58180094,0.21837965,0.6118821,0.08376609,0.29455677,0.89835304
-1.27015,-1.4776479,-1.7049521,0.44353703,-0.3513862,-0.6751274
-0.31354004,2.1489213,-0.3285395,-0.15269609,-0.30850992,0.049662154
0.95718235,1.0176862,0.7211203,0.21879612,-1.3527238,0.9756944
-1.1593229,-0.51482487,-0.036280226,-0.4038126,-0.22027795,-0.32807395
-1.2060579,-0.066714786,-0.1418711,0.4875534,-1.311667,-0.5153279
1.5248952,0.81466943,0.04369618,0.71514106,1.2595232,0.9007982
-0.17543289,-1.0406934,0.584229,0.3367568,-0.029114997,-0.48007822
-1.5407774,-0.7912823,-0.5328084,-0.08180265,0.17754582,-0.6463271
0.9565768,-0.26564118,1.5399042,-0.538522,0.36435524,0.41626772
0.2946209,-3.0673585,1.5108701,0.024539882,1.4608202,-0.80202496
0.7812624,-1.7556744,0.3762855,1.4172113,-0.030705469,-1.2596035
0.80516404,0.4549269,-0.92436033,-1.21342,0.947315,1.0485492
-0.429802,1.7524893,-1.069156,0.5448071,-0.48164907,0.0886624
0.69000095,0.036442462,1.1497155,0.6821371,-0.2865159,-0.1590851
-0.75372416,-1.2854663,-0.6725547,-0.9215914,-0.080665834,0.9029257
-0.038611427,0.9435526,-1.7148308,0.7101019,-2.028193,1.1006745
0.6240307,0.47538227,0.63339597,-0.9169365,-2.0822322,-1.2483158
-0.8297888,0.05440435,-0.7944256,-0.8157894,2.2631059,-0.05634161
1.2777605,-1.0438317,0.046104345,0.97898036,0.27554753,-0.51241577
0.16336319,0.8104694,-0.32503793,-1.247468,-1.099221,0.84944814
-0.080370024,-0.15814854,0.6379559,0.25331756,-0.68868244,-1.1227747
-0.27972445,0.55308366,-0.29721776,0.77913284,1.364311,-0.4121469
0.90637666,0.0014585474,0.6860809,0.42524934,0.63066345,-0.216418
0.16752592,1.1254054,1.6932557,-0.16072166,0.44398484,-0.6802998
0.4211445,0.072918326,-0.07879561,-0.2612462,0.10688641,0.09991897
-0.8637904,0.7371136,-0.10568123,0.07201405,0.71177155,-1.6077453
0.35502848,0.31496707,0.9710143,-0.9152692,0.21501276,-0.65144324
-0.8185554,-1.6089599,1.6686474,0.10040656,0.36376208,-1.9864928
1.7770174,1.1509373,0.88053334,0.7785181,-0.24934715,1.5989387
-0.0862017,0.4968434,1.1218724,0.8932442,-0.51021653,0.50628495
0.69210595,-1.1494857,0.3928264,-0.18370867,-0.79612166,-0.9892712
0.7792195,2.530897,-0.77256596,-1.2686398,1.0148176,-1.39864
0.71291107,-0.70300937,-1.9286852,-0.4724832,-0.46814555,0.2992295
0.27589157,0.5823935,-0.041501727,-1.3282585,-0.109865285,-2.3341208
0.3117132,0.646799,-0.19597635,1.3313303,-0.6381469,-1.300928
0.510974,0.180533,-0.43893114,-0.41593674,-0.2800449,1.2363855
-0.36694482,-0.034742676,-1.1814167,0.8428938,0.88537914,-0.28934807
0.098050356,-0.65424746,0.00011912449,-0.15225604,-1.5058043,-0.80220217
2.166262,1.5374497,-0.6787617,-1.9755605,0.4291274,0.057098374
1.6859344,0.4971984,0.18313447,1.4735963,-1.1011215,-0.47487292
-0.87753826,0.73593736,0.44225433,-0.43521768,0.6273036,-1.6562995
-0.09005804,-0.5377174,-1.6431673,1.4660188,1.3667619,-1.7702228
1.9100313,0.9527447,1.3214417,0.6687635,0.39509454,0.6506595
0.077647865,1.366896,-0.14937034,-1.1774393,0.00823741,1.2862468
-0.960647,-1.2516397,0.76477444,0.6706989,0.63344383,1.1159412
0.35990325,-1.1760983,-0.9229382,0.13398495,0.5843774,0.3853522
-0.5830998,-0.37081647,0.6515539,0.8218845,-0.22454983,0.18635604
-0.30971083,-1.1924593,1.3987706,-0.35438082,0.1803602,0.8417872
1.3089024,0.18895866,-0.71222943,-0.91965204,1.1730999,0.52294487
0.33550298,-1.361014,0.6558673,-1.927286,1.1949435,-2.1331286
-0.66876364,1.1230557,-0.5082634,0.09647151,-0.4606416,1.5388131
1.7415383,0.9949116,0.07677975,-0.61928165,-1.0466307,-0.46279263
0.4394251,-0.28194994,-0.14316301,0.14995983,0.055823825,1.3629531
1.1934259,2.3093255,-0.9458961,-0.7050823,0.098262876,0.9776908
-1.2051114,-0.7090929,1.1472992,0.056691732,0.019462317,-0.5008196
1.3556823,0.52095705,-0.060053743,0.97005165,0.8775753,-1.3898016
-1.2490697,1.4907974,-1.1045927,-0.29045975,-0.58764714,-0.49607357
0.8927616,1.9269584,-0.629966,1.5242962,-0.4872303,0.84622043
0.88399136,-1.0653453,0.2124582,0.2931777,1.4332645,0.0060853963
-0.8033962,-0.54656863,-0.15454651,0.697992,-0.9383332,0.61642915
0.53860974,-1.5212113,-0.66592807,1.3368034,0.7461789,-0.586967
1.1861777,-0.25391877,-0.38422698,0.012160593,0.5379927,0.042424638
-0.050293908,1.4580727,0.96992576,-0.16487922,0.94890606,0.23772232
-0.49718782,-0.8207736,-2.5656655,-1.1425811,-1.580843,1.5253296
-0.0045078634,0.124579,-0.4439215,-0.40247875,0.87236494,0.14953761
-0.8538173,-0.62340385,-0.29024246,2.667231,-0.24559669,-0.343167
0.2560044,-1.0184876,0.6407169,1.0166885,1.1739143,0.90873915
-1.6943702,-0.67442083,-0.38423476,-0.40543187,-1.429291,0.7620337
-0.7270715,1.3657814,-3.4335017,1.5181732,-0.03131478,-0.87500876
-0.83401906,-1.4692038,-1.1373285,-2.3029783,1.1594744,0.1235763
0.40263787,-0.28190872,-0.4085411,-0.60424197,0.109728225,0.6874008
-1.5988663,1.5423802,0.030903578,-0.25784275,-1.0968256,-0.27530652
0.79686564,1.3422362,0.85100675,-0.049676176,-0.5366881,0.6476727
0.2707905,-0.7062561,-1.7083799,0.42227775,1.5897223,-0.52401775
0.7272681,-0.27732962,0.9789832,-0.65111375,-0.14841212,-0.2996772
0.008540553,-0.77587754,-0.22092888,-3.0546577,-0.5730673,-0.47865665
0.52349484,-1.0411471,-1.8647463,0.3180908,0.3559825,1.4689989
0.5657294,0.020285739,-1.0975746,1.953626,0.4988818,-0.9482606
-0.22460455,0.339111,1.0563312,0.60561866,-0.30553705,-0.54017466
-0.03858397,0.04365652,1.4671735,0.0749571,-0.12271024,1.6131179
-1.4781895,-0.12876835,0.67973197,-1.4464883,-0.01616542,0.786828
-0.36603814,-0.8723751,0.43324447,0.7163645,-0.5019334,0.5780593
-0.44455504,-1.0053061,0.2533122,-1.6620305,-0.49027786,-0.15591525
0.24701737,-0.18591395,-1.8733623,-1.2661401,-0.11998735,-0.7126725
-1.1706984,-1.2074522,1.5348625,-2.0819588,-0.461034,0.352221
1.5827801,-0.11933566,0.3349796,1.0278515,0.5392182,0.5602994
0.7782883,-0.59225386,0.2681924,-1.1576912,0.4113322,-0.81325066
-1.0714645,0.6524574,0.23857567,0.9818782,0.81960356,1.2654101
-1.0386021,-1.096178,0.42865905,-1.4156493,1.1959691,0.47013232
1.83123,1.9521532,0.47136647,0.09968461,-0.9041052,2.4008949
-1.3437599,-0.018860007,2.2196343,0.32405144,-0.64138067,-1.4853607
1.1676663,0.45037833,-0.69251,1.1684396,0.45342994,-1.3757662
0.8031474,-0.008788747,0.61951715,-0.4365909,0.47336143,-0.62785965
-1.9970453,-0.39405718,-0.49896315,0.33884856,1.3280272,0.015550708
-0.31915453,0.22905982,-0.8853507,0.6223587,-0.24785095,-0.25688192
-0.49801958,-1.4833728,-0.53946185,0.46359178,-1.19606,0.66740566
-0.8539912,0.98212653,0.4091228,-1.0517582,-0.057005577,-0.9782525
-1.1131026,1.4809846,-1.0067325,-0.5094765,-0.2509661,1.271982
0.89621353,0.9776817,1.2893058,-0.44702503,-0.68599665,-0.3949114
-2.3825622,1.8930184,-0.21796376,-0.9360124,0.6943563,0.5179968
0.16169707,-0.912971,-0.88760144,0.38581643,-2.1783304,-0.2831531
-0.7766417,0.04143561,-1.3605957,-0.10249253,-0.6002855,-0.10302564
-0.2165767,-0.54060435,-0.23490827,1.176228,1.4807674,-1.0692906
-0.11305397,-1.0659841,0.75941145,0.15762302,0.8282256,1.1390638
-0.98439,-1.100472,0.12351261,1.5270003,-1.1194592,0.15811162
-0.30900362,-0.20502165,-2.0319018,-0.61225194,-0.9896779,-1.5004085
-1.8394183,-0.21737717,0.401584,0.3987273,0.9110936,1.0414149
0.89682096,-0.42396227,0.6662192,0.21656471,1.845117,0.2994387
1.3773682,1.4704175,-1.9451115,0.71630687,0.7960747,0.876921
0.40069354,-0.7971325,-0.046946198,-0.88738364,0.10751426,-0.6167309
1.0027974,0.49623442,-0.9560771,-1.8270419,-0.06952947,-3.4391916
1.65971,-0.80685014,-0.006364164,-0.304883,-0.23095132,-1.3498446
0.4444677,-0.85783136,0.41511488,0.6502619,-0.1134781,-0.005710112
-0.20425288,-0.32648766,0.668658,-0.65230453,-0.5124065,0.6107038
0.3276239,1.5656884,-0.44345337,-0.40330732,0.95057875,-0.11397176
-0.17654006,-0.0972436,0.17546885,-0.46887854,0.13441706,-1.0833629
0.9813921,0.31423137,-0.38630283,-0.5450896,-0.38422784,-0.023272468
0.22103675,0.80611116,1.6152426,0.95530677,0.582867,2.440464
-0.801184,-1.2350718,-0.68827724,-1.3574994,-1.4283346,-1.671709
0.52825683,0.639466,0.5945231,-0.7010379,0.9962478,-0.46680352
-0.85900444,-0.43195465,-1.5443217,-0.5616719,-0.09720612,-2.1491683
0.39176154,-0.36604,0.28520873,-1.0370632,-1.4937161,0.6142216
0.062918566,-0.5311274,0.6387794,0.25766733,0.7800338,-0.7288785
-0.09746657,0.110327736,-1.5087447,-1.5975652,-1.483653,-1.4535344
0.6262223,-0.71115434,1.3812585,-1.7694001,0.16907948,0.8891701
-0.2616501,-0.30086207,3.0018587,2.0849407,0.48244816,0.41995788
0.027353708,-0.97758996,0.5258034,0.71466583,-0.66647214,0.5597882
0.06633215,1.6444179,-2.041793,-0.4494766,0.07461707,0.3629757
2.2981806,1.4575149,-0.3719112,0.21383439,0.04781392,-1.4449599
-0.35816315,0.9727041,0.41548294,0.12711242,-0.63384634,-1.3359343
-0.5085919,0.21578103,-0.84957266,-0.5334381,2.061361,-0.91034615
0.31084415,0.7722449,-0.3163646,0.12510714,2.0117247,-0.66955346
2.3940368,-1.4164611,-1.2065004,-1.2753489,-0.8818865,-1.1184512
-1.1107155,0.65019,-0.39136118,-0.9260449,1.152709,0.3854575
-0.9485862,2.0984652,-1.2331347,-0.5589252,0.11184081,1.2104473
-0.8689871,0.53973716,1.2255232,0.0016796808,-2.1765137,0.2908453
-0.70263875,1.9157296,0.5796768,0.3195609,-1.2683583,-0.92527425
0.046523396,-0.4494304,2.0143318,-0.8655971,0.99396765,-0.13857995
0.9920479,0.31238657,0.94466674,-0.9271019,1.5628328,-0.0962003
-1.9861296,-0.20084074,-1.5884875,0.46653327,1.0315111,0.7526168
0.26428783,0.49428144,-2.184206,-0.4707372,1.3020182,0.6678097
0.92537934,-0.532768,-0.8522394,0.7921727,0.43448505,0.5421817
0.7859038,0.1496604,1.8634192,-0.61394656,-1.6532927,0.04008526
-1.3433788,-0.9564274,-1.0184784,-1.4726231,-0.027677298,1.2424065
-0.07186732,-1.3439509,0.18873729,0.16051634,0.5733899,-0.6725693
0.9078764,0.93832123,-0.27714676,-0.1872198,-1.2421578,-2.1189911
-1.0069524,1.4710631,-1.7347672,1.5712245,0.49514705,1.4660466
0.5533952,0.6201369,-1.6670445,0.74427485,0.045782506,-0.013357819
-0.6156421,0.91238827,0.31600586,-0.23767084,-0.90366304,-0.2005438
-0.9175302,0.24566615,0.08065731,-1.1310672,0.33428407,-0.44078034
2.992022,-1.3411472,-0.5593267,0.050394397,-2.0378613,-0.3616734
-1.0561602,-0.51851815,-1.4332916,-0.63633955,0.8382797,0.27539247
-0.61234033,2.022188,0.10957839,-0.7549136,1.2911532,-0.04301383
0.51292986,0.22702415,-1.367083,0.43769914,-0.79255986,1.0789498
-1.1187924,0.9560097,0.13659151,1.8524085,-0.7012838,0.18654823
-0.60151243,-0.36598113,0.74202025,0.50076246,-0.07464475,1.204851
0.7169064,0.29304323,-0.49834856,-0.87192416,0.18725495,-0.82527345
-1.5540795,-0.49800915,-1.1377832,1.0961045,-1.469792,0.68471795
-0.15771323,-0.31410646,-0.68235606,-0.22205184,0.39281127,1.5918875
0.48446593,-0.74572027,-0.3754524,0.9341064,-1.0422204,1.1039243
1.8191108,1.1638964,0.85833687,-0.82059795,-0.8534973,1.6461874
0.17056426,-1.3949857,-1.3433019,-1.7723361,-0.28004155,0.20922099
-0.08273629,0.08230184,0.49252716,-0.3202976,-0.72511905,0.94977874
0.1020854,0.93693507,-0.8874015,-0.9063486,0.051078577,-0.20005897
1.5109894,0.80325043,0.98967147,1.2013268,0.8287612,-0.75236434
1.3811275,0.3268058,1.2811203,-1.2762796,0.09201694,-0.4912628
0.3123147,0.5306587,0.63304925,0.9896152,0.1987542,0.83986795
0.86482555,1.8437978,1.8982662,-0.14286344,-0.92536366,-0.71445894
0.15410964,-1.0680437,0.41236264,0.9247481,-1.2247834,1.5174583
-0.66862345,-0.85859424,1.2461598,0.12575412,1.6546347,1.7457933
1.2290012,-1.0734166,-0.98924994,0.15682872,-0.15397748,0.8782142
0.92200726,-1.0688689,-0.29196402,-0.63264775,-0.39626324,0.98343223
-0.10009412,0.6613959,-1.3437201,-0.9917157,0.28421107,-0.17569394
-0.9490643,-1.3840669,-1.430823,-0.18718027,0.1498058,0.8427864
-0.3232178,1.9295945,-0.36613822,-0.22386326,0.38478655,-0.7821142
0.13962948,1.8654178,-0.8693552,-1.0290067,-1.4297546,0.25583017
0.23443976,-0.087918706,-0.16452453,-1.130779,-1.2657046,-0.58987194
0.30114585,0.8943321,1.852517,1.7431091,-0.24424273,-0.45250392
1.0746984,-0.46261236,1.9190298,-1.2920213,-0.3121264,0.8275396
-0.00605069,0.5948229,1.7829369,-1.1046838,-1.4073855,0.25973186
-2.1393404,-0.70778584,0.32465702,0.021455823,-0.22774193,-0.23234683
-0.41905132,0.14468999,0.09830517,0.6819761,0.05253829,0.3705356
-2.4471645,0.06763944,0.3858933,1.826053,0.8470021,-1.308591
0.014704436,2.0302072,0.06568621,-0.19684823,-0.7625209,-0.43146324
-0.41188893,-0.0784536,-0.3608309,-0.6536048,-0.050074846,0.9335799
-1.3780156,-0.23711105,-0.0034805222,-0.4146218,-1.1256869,1.1973168
0.45498818,0.038681798,0.32526898,0.42689112,-0.49185142,0.69774884
0.18453193,-0.08217439,1.3425077,-0.5333549,-1.0434263,2.5752573
-1.5252268,0.3112261,-1.0954894,1.0368586,-0.047536407,0.47490817
0.77210426,-1.0272834,0.19407165,0.78741723,0.32903895,-0.40074268
1.9406528,1.5172433,-1.1288141,-0.70474833,0.30841962,-0.20708622
-0.2871938,-1.1879342,0.43887705,-0.92127323,0.20015597,-1.2748052
0.51759565,0.6334181,-1.1893625,0.2659273,0.62359506,0.8582182
1.3580815,-0.6902161,-1.3212496,0.3597501,1.5404525,0.9803686
-0.585687,1.3231326,-1.9844527,-0.2943631,0.47334692,1.6267128
0.823685,-0.1654974,-0.25780088,-0.3905337,1.2408677,-0.15455826
-0.048366554,-1.3832686,-0.7454565,0.41315982,-1.11299,0.50939864
-0.8898363,-1.8085372,0.910718,-1.789568,-0.95486325,-0.62244785
0.8380403,1.9685767,0.50378877,0.87006855,-2.1765385,-0.6244685
0.15605237,0.4042429,1.2047789,-0.7454501,1.0113959,1.6276767
-1.6631235,0.2628847,-0.59906524,-0.42729276,-0.3504766,2.3086805
-1.556809,-0.15716206,1.1082131,1.6965944,-0.737033,2.0894806
1.7030501,0.8761027,-0.07381173,-0.82572234,3.9925237,-0.7687226
0.7951012,0.8417144,-0.13001327,-0.14936855,0.9432857,0.6495479
1.298225,-1.7674844,0.28456968,-1.1591446,1.090294,-1.4837735
0.8077664,-0.007699169,2.311237,0.6787401,0.7412987,0.5828871
-0.6605093,-1.5045836,0.055897497,1.6612821,0.4307207,0.5255285
-0.30486134,-0.3188085,0.2039717,-0.25432542,-1.4009227,1.874884
1.0147235,-0.94782484,-0.14676139,-0.35123786,0.901043,-1.4408488
